pressure,flow_rate,temperature,anomaly
5.248357077,0.004861736,41.94306561,0
5.761514928,0.005279041,43.03154585,0
4.765262807,0.00554256,38.60974692,0
4.767135123,0.002387451,42.85110905,0
4.49358444,0.005314247,37.27592777,0
4.293848149,0.004370525,41.7931614,0
1.804480332,0.001179659,49.63099275,1
5.187849009,0.004399361,39.12491875,0
4.489223903,0.004838245,38.39905359,0
4.997236069,0.005822545,36.33746905,0
6.389156521,0.00619364,40.65591495,0
5.440880519,0.004884352,39.09668891,0
5.386850208,0.004461858,35.95996571,0
1.579373962,0.001779594,45.83190997,1
5.515499761,0.00593128,37.48234743,0
2.87892033,0.00084148,55.59500271,1
5.41739771,0.005296561,36.88651037,0
4.962098127,0.005361396,44.6141097,0
6.686148127,0.004079609,38.80408483,0
4.969567956,0.005087047,39.10297795,0
5.451766245,0.005019,38.39675064,0
4.252473065,0.004191506,38.49472887,0
5.250724166,0.006158187,40.77135061,0
5.157256448,0.005097078,42.90593497,0
4.845355727,0.005673126,39.23010945,0
2.549966184,0.002461298,48.00424392,1
4.828642742,0.004197723,39.51614287,0
5.202025428,0.004056943,44.21187622,0
2.122644696,0.001156954,47.57630954,1
6.231621056,0.004965288,36.49396589,0
5.383648419,0.003850207,37.67399168,0
5.386570428,0.006402794,35.79444681,0
4.559679591,0.005076895,38.51970255,0
5.461581304,0.005099651,38.48957304,0
5.004572173,0.004634461,41.9472602,0
4.388563232,0.004080576,44.64980322,0
4.805867801,0.004114488,38.92976492,0
5.278060899,0.00522746,43.92142826,0
4.837754521,0.004794133,35.67987566,0
5.595363628,0.005521942,40.89095402,0
3.656613108,0.002890067,45.72948065,1
5.423700716,0.005174833,36.34943532,0
4.404348251,0.005656554,37.07595499,0
5.393542302,0.005769977,43.80516857,0
5.41103008,0.006896793,39.26383565,0
4.623131918,0.005878674,39.28121648,0
5.006500946,0.006453534,39.2060295,0
3.891876139,0.001682763,57.33612585,1
4.937933806,0.005740341,38.6426133,0
5.388524897,0.004553485,42.56919638,0
2.93254378,0.001112371,48.29106497,1
5.881468736,0.006057424,40.15408258,0
5.541525622,0.006053802,35.8669919,0
4.53108748,0.005304449,40.77162247,0
5.257523843,0.008852731,41.71267153,0
5.56778282,0.005232296,40.52854277,0
4.613587393,0.004763181,38.54390936,0
5.04093707,0.003211503,41.07191363,0
4.764034067,0.006088951,40.19284006,0
2.883605029,0.002486867,46.5937358,1
5.681717745,0.005828766,40.04542983,0
5.221037008,0.004338214,42.5573,0
4.614090461,0.006661302,38.99725873,0
4.841076547,0.006765454,41.21494513,0
5.188648133,0.006651351,36.0195047,0
4.247748938,0.004174906,43.28427963,1
5.221909714,0.005774634,37.21920859,0
4.970237322,0.003705058,39.68464449,0
5.816205652,0.003569859,38.67986654,0
5.065370289,0.005058509,47.04399079,0
2.130582303,0.001581643,51.35192087,1
4.699891561,0.006586017,36.2865535,0
5.343424256,0.005070972,41.31798142,0
2.96728761,0.001591241,43.3646208,1
4.705317622,0.005849602,41.07104646,0
4.653545202,0.005362014,41.7439424,0
4.585502495,0.004439819,42.24188082,0
5.305185133,0.003212328,36.33828969,0
5.273548691,0.004797807,39.34695639,0
5.549388426,0.004592085,40.78486917,0
5.652739404,0.005021004,42.04585891,0
4.844866622,0.00472896,38.16071595,0
5.048497982,0.005595157,37.54533795,0
6.046193638,0.006204923,36.41001859,0
2.987766585,0.002745285,53.84030151,1
4.551372814,0.004174503,39.03584248,0
5.306920671,0.006357881,38.70008978,0
2.121951996,0.00178042,49.40257128,1
4.640777889,0.004786553,40.9327227,0
5.737678108,0.004697676,39.98631151,0
5.16135928,0.004172769,41.55803954,0
5.766369457,0.00355439,37.46758926,0
5.112046241,0.005012592,40.2930283,0
4.613495108,0.007275761,41.21868006,0
4.155146444,0.000331829,56.51959975,1
5.091671003,0.007189803,37.57510514,0
1.959545809,-0.000327479,55.07941835,1
4.094934338,0.003087293,41.08742938,0
4.550792664,0.005491919,36.03930038,0
5.915729383,0.004926389,39.15333643,0
4.143432735,0.006353872,39.65638046,0
5.618908156,0.004891371,39.83354513,0
5.00262185,0.005046981,38.64980359,0
5.311424966,0.00363141,41.60647543,0
4.232942915,0.006277677,40.99694204,0
4.625756732,0.005114861,44.65378856,0
6.030373962,0.006755341,39.25310755,0
5.485785475,0.006489045,42.63347551,0
5.529212243,0.003241261,36.45022446,0
3.980383911,0.005200134,33.48740252,0
5.814307773,0.003619899,34.88985268,0
4.972226151,0.004993801,41.20935798,0
4.34776525,0.005669673,41.09979474,0
4.530060107,0.005747368,39.12792308,0
4.507136977,0.005504047,38.40922714,0
4.603563584,0.003565911,39.42540153,0
5.982362566,0.005035264,37.90082348,0
5.106989955,0.005851354,38.13890883,0
4.734749426,0.004424182,39.17484491,0
3.849039418,0.004373476,33.42360983,0
5.288278482,0.00531125,49.23664243,0
5.559787456,0.006523787,32.62975883,0
4.621824627,0.003577746,38.06028135,0
4.459225998,0.005218223,42.73169237,0
4.996013679,0.006479944,40.23210492,0
4.569357899,0.004559495,44.74611455,0
4.562190873,0.0036172,42.77853264,0
5.95470832,0.005027691,40.38209644,0
4.674678715,0.004512875,38.22281823,0
4.568004615,0.00249724,42.0539266,0
4.880525977,0.004092436,38.26968601,0
5.377695613,0.005528317,40.62251046,0
4.165297359,0.00554336,38.01212872,0
5.285299334,0.005279757,31.77713547,0
5.129861251,0.004095683,41.91577738,0
2.164333552,0.005514948,40.80073287,1
4.699015661,0.005760251,43.31898731,0
5.385819075,0.002528355,37.60931423,0
5.084864642,0.005089394,41.46413224,0
5.790067048,0.005337603,38.7643691,0
4.840760745,0.004680943,41.63044946,0
5.517460464,0.005871125,39.0219294,0
4.874938699,0.006301052,37.97076094,0
3.884835046,0.005018418,45.02931194,0
4.880410667,0.005823105,42.67723246,0
5.047810223,0.003521414,43.43126213,0
5.254689058,0.006247327,42.89776602,0
5.041027436,0.004540639,37.45046689,0
5.754885656,0.005402034,38.9574198,0
5.414569342,0.004730125,37.06370885,0
4.786296029,0.004447354,42.89155096,0
5.486778724,0.005413435,45.63038744,0
4.470807299,0.004487086,40.51178261,0
5.417782699,0.005654366,39.83324599,0
5.090265421,0.007643572,39.39146134,0
5.023457717,0.005109395,42.17729987,0
5.108430518,0.005442117,40.7507318,0
4.430122786,0.006593187,38.46635297,0
4.954886168,0.005781073,47.61607331,0
5.261976334,0.004841992,38.71935679,0
5.426123245,0.002679263,39.31036129,0
5.314070007,0.004664215,45.00706458,0
4.437290496,0.004850963,39.98003964,0
4.340427477,0.004769065,42.08861909,0
4.491403915,0.005516669,37.60266829,0
2.292791465,0.005153549,54.1581982,1
4.713168997,0.004453141,39.90174019,0
4.728287614,0.006388582,32.02194593,0
5.623042596,0.00292661,38.97193722,0
4.814279567,0.004850122,41.58329428,0
2.611753834,0.004290121,54.52596262,1
5.635777547,0.00447548,41.46812368,0
4.824659236,0.004770784,42.44159172,0
4.529793113,0.004639034,43.47798941,0
4.671383341,0.004062644,34.99066248,0
5.882343467,0.004477277,43.14702768,0
5.657883254,0.003246893,42.26905471,0
4.293487827,0.002918071,45.0893691,0
3.582895306,0.001885773,50.32763698,1
5.673022104,0.004377145,38.7455709,0
2.137768757,0.00311208,49.14588571,1
4.610847637,0.005408253,34.89224919,0
4.76542614,0.005526937,44.86160034,0
5.785247318,0.003159126,36.1612691,0
4.825993457,0.005198558,35.6969051,0
5.290511005,0.004076767,35.94494618,0
5.28698348,0.003246426,46.24394397,0
2.954327114,0.000951486,47.61518777,1
6.280042269,0.00490394,43.44781998,0
4.648411787,0.005179845,38.99544318,0
4.686516471,0.006812449,42.12325581,0
4.718766612,0.003912219,42.78844752,0
4.636431412,0.004752481,39.77669971,0
5.310336049,0.006064569,40.35881701,0
5.279895224,0.006080781,42.50176646,0
5.22959004,0.003473448,39.82628528,0
5.21480911,0.005207688,40.81473651,0
4.361625712,0.00544664,39.36018287,0
4.980222423,0.005681501,40.08495513,0
5.01487807,0.00359484,41.50310003,0
3.138131379,0.001442269,56.67450003,1
4.552696349,0.006031845,35.54331888,0
4.325268214,0.005585503,42.14019877,0
5.023508607,0.004482712,44.22804232,0
5.459913755,0.005313862,34.95453902,0
4.1207005,0.004579813,39.15464617,0
4.496942053,0.003949088,34.1989651,0
4.396302084,0.005984322,39.35803347,0
6.154861378,0.004336103,43.50130874,0
5.810554279,0.00436226,38.40700913,0
5.277688408,0.00437713,38.51209286,0
4.915942552,0.006420504,38.28776112,0
5.171809295,0.004623447,37.88436779,0
1.831998675,0.004016305,51.68278223,1
3.030252876,0.00258908,49.57317066,1
4.174827466,0.001600355,51.14498219,1
4.991788552,0.006188393,47.58079728,0
4.734565614,0.006323875,36.60455157,0
5.291964093,0.004640708,41.77196449,0
5.55435179,0.005405618,42.14502104,0
5.533337345,0.006169296,44.14647697,0
5.324354944,0.004629677,37.49932304,0
3.253779455,0.001372807,54.89809625,1
5.639225931,0.003640144,42.2387607,0
5.747566873,0.00521363,40.79974164,0
4.799310121,0.004904704,40.83706458,0
5.087772915,0.005408512,39.44088282,0
4.797667088,0.00513297,37.89963756,0
3.226748739,0.002480582,50.9877387,1
4.737097306,0.005732124,43.240207,0
4.27599305,0.002801194,41.32004335,0
4.748972888,0.006121853,43.93163147,0
5.325100589,0.004900824,45.53991099,0
4.464957617,0.005897889,39.38029849,0
4.374230288,0.006443765,39.75354646,0
5.558647916,0.005269669,39.30983069,0
5.28488364,0.005447709,41.92816828,0
5.664576265,0.006249202,41.4742137,0
2.288846746,0.004262954,52.85511715,1
2.675942117,0.001768829,44.13076615,1
4.208048588,0.005760415,42.35740048,0
5.212728781,0.004975823,38.28698584,0
4.99819873,0.003841635,44.51019491,0
5.438681145,0.004123681,40.1129807,0
4.499189995,0.0047189,45.39305958,0
5.320421431,0.004506537,38.66505004,0
5.699677718,0.005924634,40.17889111,0
4.676531611,0.005393263,42.04433524,0
5.524776358,0.004464765,43.9521822,0
5.098799802,0.005401344,46.54752107,0
4.674290998,0.004516114,39.03895808,0
5.212082973,0.003968424,38.41210529,0
4.987822704,0.00714227,45.18262951,0
5.218161835,0.003872173,41.69283216,0
4.871311731,0.003331416,41.19766937,0
5.32359797,0.003135668,37.29519776,0
5.112225909,0.006047098,45.05178307,0
4.770557869,0.003367048,38.28169473,0
5.738270175,0.006380091,38.1233119,0
5.197901767,0.0053238,39.12553006,0
5.271800077,0.004629386,42.31509613,0
3.57572869,0.003844432,40.95767003,0
4.352659262,0.006160827,38.5968964,0
3.418615083,0.000404553,47.55284385,1
4.870374779,0.006233687,41.94677263,0
1.699398809,0.001323739,48.69853564,1
5.190967726,0.005430042,43.09085036,0
2.822640288,0.000799908,43.74059106,1
4.934542014,0.003965045,39.43001684,0
5.224195147,0.005916328,41.03946543,0
1.987645657,0.004528391,44.40513323,1
5.201695012,0.005276569,38.04785939,0
4.9046588,0.005217433,42.61020319,0
5.247840944,0.004969112,46.0102218,0
5.100549523,0.006050654,43.3165778,0
5.593515153,0.003910407,44.89337756,0
5.151317733,0.004245724,39.80758496,0
5.164381205,0.0053406,44.30554465,0
4.877921682,0.005964087,43.56841147,0
4.386196092,0.005721466,41.9061908,0
4.924972206,0.005125576,39.48078453,0
5.007789524,0.003721977,35.06877785,0
4.504303825,0.00284661,38.08311476,0
4.338455103,0.005169694,37.89965238,0
4.655924827,0.007252436,42.94529646,0
4.837584308,0.004545756,39.94019381,0
4.305213767,0.003354601,43.0677113,0
6.219876203,0.005679973,41.726406,0
2.477810255,0.002577946,46.3268116,1
4.968703436,0.003307043,39.70498112,0
5.485450366,0.004382553,34.26369052,0
5.198419333,0.004010372,42.82231356,0
4.932865948,0.004840776,37.09240117,0
5.275518651,0.004398632,40.9593458,0
5.698707352,0.004924856,38.26311023,0
5.031844197,0.005122298,41.62989409,0
4.858029095,0.005401192,41.4989113,0
4.35181204,0.003756137,37.92128441,0
2.965661822,0.001536016,56.32480377,1
4.585903009,0.005524363,37.79526876,0
4.907356171,0.004870179,40.13143442,0
4.926498999,0.003463052,40.80325367,0
4.955858976,0.007579709,37.5889763,0
5.819558403,0.005976384,43.31214741,0
2.443205228,0.004244662,47.0963324,1
2.619620134,0.002215497,49.33174428,1
5.116892956,0.003444104,40.9926407,0
5.416764481,0.003827397,36.2995957,0
5.836286193,0.005419019,37.88496443,0
4.972115461,0.004009308,41.88824075,0
4.944386969,0.004096092,37.79341017,0
5.618046588,0.004466091,35.77856792,0
2.973643219,0.00288629,60.21866492,1
3.241966386,0.003181884,51.47147103,1
4.081897313,0.005507991,36.68990018,0
3.923554704,0.005836324,40.09380063,0
5.040914679,0.00490111,42.75722945,0
4.854862728,0.005568441,41.79878234,0
4.912520122,0.004244255,41.60952953,0
4.550766009,0.005050536,40.51149171,0
4.987486521,0.005817766,44.17062265,0
5.278905153,0.002474281,40.19187036,0
4.695243899,0.004813029,40.16994977,0
5.264846377,0.003197591,38.06041144,0
4.530332303,0.004855912,36.37091577,0
2.628821986,0.001113882,46.83320935,1
4.718175486,0.004589069,38.89832735,0
4.646621621,0.004611823,40.51124867,0
4.232850687,0.005912435,41.49858096,0
6.144341034,0.003633121,39.32570379,0
3.479673657,0.001720662,47.8278533,1
5.3810992,0.0058631,37.61067946,0
4.260544216,0.00518336,39.95407045,0
5.28964575,0.003039842,46.18167585,0
4.98634773,0.004066732,38.67015325,0
4.557598643,0.002697303,38.66516272,0
5.735585164,0.004790676,37.99278178,0
5.519952344,0.003400864,38.77983075,0
6.078654107,0.004394285,42.22628612,0
5.14964629,0.004359507,40.50518558,0
3.602798047,0.000889638,51.7610051,1
5.068267666,0.003652874,37.08515788,0
2.84967861,0.00262907,46.29623531,1
4.781973256,0.005607131,43.93347666,0
4.838660081,0.004749167,43.98458243,0
5.278115005,0.004416642,40.11577582,0
4.678240885,0.00592784,40.17103937,0
5.134296139,0.005745801,41.78028752,0
4.817523635,0.00416079,36.86557242,0
4.016821705,0.005579443,40.44309798,0
4.889373188,0.004723187,40.92222009,0
5.407868606,0.005304126,40.79769544,0
4.916439143,0.00528258,39.25392662,0
5.803672788,0.005888599,42.2033471,0
5.090510779,0.003703168,41.19906386,0
4.674321553,0.005030479,35.52419156,0
5.154416506,0.006702215,40.72225954,0
6.300841557,0.006811375,41.87064657,0
3.77485808,0.002220258,54.50273156,1
4.387850882,0.004790977,37.44843864,0
5.130331417,0.003599492,42.15951187,0
5.723251968,0.006196631,38.17065129,0
4.275071717,0.003893692,38.63743133,0
4.589828088,0.006726964,38.80109144,0
1.721191394,0.00374621,57.98525026,1
4.624547225,0.005181117,37.49271359,0
4.717876201,0.005184551,44.62632986,0
6.003046444,0.006630929,42.86932105,0
3.38782306,0.00087902,49.6222127,1
4.998312771,0.005088407,44.43259024,0
4.784102106,0.004113958,37.47021819,0
4.932378552,0.00651345,41.89243505,0
5.094923918,0.005576758,45.58541735,0
4.461654915,0.004773516,37.12168229,0
5.599320686,0.003062638,36.23995542,0
5.174322172,0.005140886,34.6946819,0
5.516481974,0.004805055,38.89350931,0
5.200885641,0.003830083,31.38321336,0
5.102843187,0.004621546,31.38615201,0
4.919547546,0.004397788,41.40632277,0
3.61207265,0.001862188,48.67750556,1
5.060752506,0.005355022,39.33666071,0
3.225435523,0.002129594,50.10459774,1
4.864438199,0.00257576,42.65213619,0
2.99534871,0.002567015,54.41542936,1
5.048374947,0.0038896,41.70116655,0
5.233214991,0.004964359,35.15460455,0
5.582369677,0.004573243,38.37449504,0
5.100284599,0.006148637,36.95253454,0
5.030839925,0.004704459,40.45694654,0
4.58620489,0.005086144,36.78358296,0
3.539324758,0.00455162,46.03002787,0
5.309577131,0.007057495,40.06238112,0
4.635998529,0.004352759,39.82335457,0
4.67701791,0.004200808,38.55176943,0
4.523335696,0.003553872,40.28498125,0
4.854094366,0.003436809,42.64932933,0
4.961081401,0.004026553,39.98380787,0
4.786821202,0.006148446,40.33981123,0
4.280861011,0.005362571,44.10526586,0
4.776339052,0.006281016,40.20356653,0
5.426386838,0.005982573,41.96908261,0
4.832612334,0.004596352,37.13463226,0
5.211799533,0.004264196,40.61101625,0
5.012109728,0.006412221,39.76107583,0
5.226185898,0.006148733,44.29702609,0
4.906427867,0.00598573,43.56215815,0
6.294781821,0.004194628,41.78932702,0
5.084230488,0.006317598,36.9803723,0
5.569939281,0.004834601,43.91790975,0
5.648497273,0.004977132,37.0020933,0
4.747612539,0.004434715,38.76787402,0
5.807687845,0.00467768,43.65147556,0
5.760658026,0.004896977,43.67539704,0
4.54814907,0.005324359,36.46288063,0
5.593839694,0.004597933,41.57279403,0
5.435648649,0.00365402,40.37913874,0
5.9694645,0.006028683,36.04975346,0
5.17531505,0.005489187,41.90416441,0
5.554849921,0.005272698,41.95114537,0
4.933683127,0.004025471,43.32124201,0
4.939809418,0.005252937,39.80966181,0
4.732335907,0.004909467,40.99594099,0
5.09524984,0.004564778,42.25176056,0
5.36940524,0.005615367,37.19368389,0
5.542991058,0.005659381,38.84056985,0
2.980491709,0.004235653,50.3131769,1
4.825341602,0.003946318,36.79659124,0
5.214156481,0.005899136,42.70740767,0
5.107225417,0.004895551,39.49353483,0
5.041561233,0.004532897,37.79863608,0
2.153591467,0.000734246,54.00797494,1
5.094790808,0.006001046,31.89030312,0
5.33893766,0.006474056,38.94396078,0
4.931275743,0.005952875,44.83683477,0
5.657457227,0.003985581,42.34861073,0
4.876968756,0.004156753,46.51282815,0
4.912057094,0.006479079,41.83343096,0
4.688675319,0.005194607,37.77258824,0
4.339988744,0.004779805,33.79643582,0
2.736143764,0.003321918,45.61453288,1
4.27122425,0.004690791,37.74353078,0
5.240073068,0.007730867,41.13205211,0
4.909755106,0.005213197,37.744092,0
5.051772069,0.002837781,39.94432598,0
5.538073156,0.004291593,35.45885682,0
5.415674634,0.004818522,42.31606469,0
5.765661872,0.004516939,40.44037904,0
5.072433832,0.004385227,37.87513461,0
5.171407581,0.002848185,37.84254004,0
5.760699249,0.004509063,41.53577227,0
4.915845883,0.003909601,44.23279714,0
5.103362024,0.005758939,41.14461569,0
3.185246773,0.001266192,50.18568406,1
4.725637546,0.005092845,40.47956918,0
4.48616243,0.00585546,43.86197317,0
4.676886345,0.006775311,36.4190895,0
5.459577087,0.00473423,44.30026726,0
5.144346815,0.005260322,39.59707378,0
5.405404137,0.003164342,43.51373737,0
5.516273102,0.006126705,36.72710071,0
2.325859277,0.000761791,47.11557176,1
4.92469704,0.004286246,43.33090709,0
4.408296906,0.003765651,38.22260722,0
3.687511248,0.000609869,48.70415711,1
1.792347222,0.000984809,46.8070137,1
4.953282965,0.005228982,40.71872962,0
5.451961375,0.004892698,41.34315078,0
5.264478968,0.002961039,40.54990064,0
4.40985353,0.005638051,41.50253342,0
4.468298997,0.00412659,36.2156355,0
4.567480387,0.0030207,42.24373077,0
4.914068507,0.003891835,39.38413873,0
6.16708179,0.00610096,45.87504236,0
4.77604276,0.003724168,39.90956719,0
4.716147108,0.00525374,41.40307952,0
4.819118466,0.005280121,38.00354376,0
5.436584715,0.0053771,39.91221156,0
5.127636694,0.006045897,35.65583088,0
4.578628705,0.004404339,44.12331428,0
6.357973286,0.004730281,43.58186878,0
4.831551087,0.005555604,40.26874204,0
5.58290301,0.004795545,39.59423702,0
3.286518078,0.002280457,52.81127816,1
4.613561166,0.005407052,37.0850298,0
4.310190918,0.00410565,37.94812149,0
5.476562523,0.005513085,42.17528736,0
5.258089144,0.00542138,38.21847951,0
3.363014971,0.003553005,50.12977493,1
5.535075119,0.004324822,39.56644399,0
5.053393597,0.004865231,40.09057236,0
5.304303721,0.005001205,37.54873411,0
4.910394763,0.005082513,39.51590688,0
4.645213854,0.004230858,37.1802907,0
4.922537699,0.005700736,39.16482649,0
5.316680657,0.005635418,36.28222482,0
4.173540651,0.006203113,37.43598117,0
5.167518563,0.001980488,40.55154863,0
4.675543059,0.005189092,36.68394005,0
5.391091304,0.005476358,41.51641048,0
4.422187259,0.005065268,37.78359139,0
5.444958166,0.004305287,38.77215269,0
1.927897245,0.003007739,50.33352783,1
4.483565386,0.00414155,43.37676331,0
4.327064538,0.004180742,38.57133738,0
5.43719459,0.004840405,42.834915,0
5.195232425,0.004896778,40.79608705,0
4.708620671,0.006568779,36.01571121,0
5.482698742,0.006236131,40.26597277,0
5.098657854,0.005203303,39.14595089,0
4.930276862,0.004549811,40.00158388,0
5.300603374,0.003558518,39.3716423,0
4.745929901,0.00485222,38.64025477,0
5.726233767,0.004603338,41.44757215,0
5.519555894,0.004924236,42.01144185,0
4.464071383,0.004257994,38.74610949,0
4.565168459,0.006125435,36.43176432,0
5.821336477,0.005192293,39.55533137,0
4.727942999,0.004837207,40.12275753,0
2.812353674,0.000647396,46.52719906,1
5.389489856,0.002590112,39.76788283,0
5.007509613,0.005022466,41.64135735,0
5.5268062,0.004276537,40.36227042,0
5.773785048,0.005672861,41.7754424,0
5.490426725,0.00425777,33.515319,0
5.127786827,0.005164761,40.15266311,0
5.335109949,0.005676966,33.17951122,0
4.531855684,0.004896745,35.07043357,0
2.603957048,0.002508068,48.56960334,1
5.025813188,0.005338815,37.01745972,0
4.444271022,0.005246505,41.49466525,0
5.570074519,0.003829982,42.5456861,0
4.88299007,0.005466358,42.96200355,0
4.962024488,0.00391092,39.53253558,0
2.284113764,0.00157081,55.66746736,1
3.254775253,-0.000102945,51.69215576,1
4.78537779,0.005588553,35.20562694,0
5.231086333,0.00428336,40.47116374,0
5.212943603,0.005019148,38.07553927,0
5.243936142,0.004038512,42.49255697,0
4.521781812,0.005472406,44.45234809,0
5.177806674,0.005618488,39.37756743,0
4.374796133,0.005604515,42.64699919,0
2.552619614,0.001521306,43.56623721,1
4.621003889,0.00343365,35.96765659,0
4.198369767,0.00313346,43.02254107,0
5.203238739,0.003420384,44.13612924,0
4.377584381,0.005014273,37.13818174,0
5.106951934,0.004810586,35.3792571,0
5.991693117,0.006617213,40.31306781,0
5.389636944,0.004709425,44.2331527,0
4.797294996,0.003548824,39.96373316,0
3.121128013,9.22E-05,48.97050976,1
5.221940115,0.00626563,38.89361219,0
5.617891096,0.003928946,42.04064832,0
5.596253756,0.005109471,43.15758682,0
2.623061342,0.001873457,46.58937365,1
4.756385718,0.003912754,36.74252461,0
5.608686785,0.005820555,39.24480795,0
5.566811736,0.006194109,37.05650341,0
4.769868299,0.003864539,44.37919563,0
4.139948725,0.005085318,37.57520284,0
3.34216312,0.001227509,49.6710398,1
5.05265466,0.005970393,42.41009515,0
5.997833745,0.008109919,41.82016918,0
4.908401691,0.006081942,42.98659741,0
5.11503538,0.005497743,41.99777276,0
5.210793305,0.004464041,41.62007269,0
5.219750615,0.005778937,41.3733186,0
5.837246217,0.002608726,39.77537219,0
5.347768879,0.005849102,39.11809916,0
4.964200374,0.004939711,41.36438551,0
3.187998184,0.002138297,55.12840188,1
5.024886844,0.005492019,38.42189547,0
4.501804155,0.004720127,36.64857602,0
4.493952557,0.006059936,41.85101785,0
5.555789329,0.006934706,40.20924055,0
4.680117736,0.003970628,35.94198914,0
5.608874243,0.004131559,37.94438141,0
4.924222272,0.004464199,34.87792613,0
4.78388108,0.004836679,41.62317029,0
4.923257861,0.006117399,44.34549769,0
5.760169619,0.004505219,39.11720538,0
2.45793001,0.002985059,54.5608084,1
4.884799643,0.004075767,42.67059523,0
5.517624667,0.003891743,35.01627051,0
4.958281015,0.003550355,37.23442056,0
2.884645893,0.001184732,49.16071493,1
5.098663631,0.004187272,44.49574772,0
5.623878417,0.005811397,36.55521013,0
4.212510265,0.005926062,41.96680428,0
4.231738193,0.005551476,41.02176765,0
3.457769464,0.003218521,46.90884528,1
5.847694229,0.00489023,41.49245577,0
2.659726438,0.000151238,49.26955327,1
4.912822871,0.004563236,35.1802687,0
5.007903772,0.004913244,44.70471928,0
5.645184061,0.004497025,40.79046165,0
5.179591525,0.005567942,37.90418549,0
4.564741447,0.004932822,37.85272003,0
5.807488409,0.005997094,41.22363035,0
5.226265718,0.005075955,42.22804726,0
3.651840799,0.001839806,51.30749916,1
5.855968598,0.003282206,40.85460593,0
5.151909298,0.005721563,39.30740088,0
5.726630332,0.00583071,36.94802828,0
5.996257677,0.004233343,38.35132859,0
5.429793943,0.004309613,40.01227902,0
4.753438589,0.006443632,36.23047932,0
5.406602593,0.005542704,36.88342063,0
5.285306499,0.005968185,39.00607485,0
4.693881633,0.005099606,35.02073324,0
4.324462817,0.003677542,41.44559819,0
5.273632399,0.003854462,35.90988213,0
4.885100185,0.004148594,40.52563426,0
6.492629501,0.005417674,42.54099126,0
5.210047245,0.005606851,46.16963069,0
4.434555782,0.004012191,41.60433564,0
4.791316593,0.00470491,42.92745016,0
5.459227222,0.00471898,41.27489835,0
4.891491475,0.004691517,47.28014946,0
5.216479913,0.004853913,38.2212204,0
5.510691648,0.007088443,35.24205006,0
4.060037807,0.006085927,43.16565655,0
3.68212613,0.005003376,40.98346352,0
5.46213507,0.005251837,37.24934592,0
4.552326839,0.004591899,37.01255382,0
5.325568121,0.004867913,40.53026438,0
4.850161676,0.004949795,47.86237927,0
1.858850994,0.000832284,55.87588767,1
5.180721018,0.005338347,33.74255242,0
4.906565202,0.003680753,39.39105809,0
4.95493763,0.006023386,39.44624601,0
1.834876554,0.002178367,50.59167785,1
4.696649853,0.005211284,43.60023687,0
4.754048776,0.003922128,37.933847,0
4.687827305,0.004815475,38.18576601,0
2.070715872,0.002966028,52.74391311,1
5.134266993,0.006513009,44.18979067,0
5.207323993,0.005083827,44.23137744,0
5.537123617,0.006526186,37.83808098,0
5.264415651,0.005296576,41.38955439,0
5.270703784,0.006441717,42.35238277,0
5.155295629,0.003967476,41.19378115,0
4.50608466,0.005933232,38.10906256,0
4.495972261,0.004629492,35.78329894,0
4.3138127,0.005031045,40.6667984,0
4.760331569,0.005510792,43.09174176,0
5.463302754,0.003901449,40.29493058,0
4.973585998,0.003824405,37.31479047,0
4.493342082,0.005701186,35.42221084,0
5.3089374,0.0055523,41.8768928,0
4.525287837,0.006434735,38.61977124,0
2.466535104,0.002703595,49.28478356,1
4.835276107,0.005731871,41.00517409,0
2.159739061,0.001639428,52.85793507,1
5.184300415,0.005315725,39.70798954,0
4.748105208,0.004960693,39.59650965,0
1.44745047,0.002393047,49.0191162,1
5.345940572,0.006071411,46.06014732,0
5.124654298,0.006045088,40.4346635,0
5.011951522,0.006768772,38.52356945,0
5.249932062,0.003600694,41.10294788,0
3.949986746,0.006118458,41.64794693,0
4.703822022,0.005123548,45.8624723,0
4.747126648,0.005558292,39.518887,0
5.981293595,0.005003696,43.03438911,0
5.670737958,0.005404102,36.93407767,0
5.28144043,0.004120186,45.96118334,0
4.734514551,0.005523079,43.99260154,0
5.20743275,0.005463289,40.13054401,0
5.279069757,0.003896817,39.06237179,0
5.193161659,0.004795529,45.26642709,0
5.786509863,0.004192565,39.5529844,0
4.434692333,0.005622711,41.88858875,0
4.59784212,0.005288654,40.2243288,0
2.925595526,0.002344802,49.07349382,1
4.626710827,0.004508846,39.14537352,0
4.148893367,0.004537184,38.16191606,0
5.525947529,0.004512797,38.94423605,0
5.684627399,0.003861433,38.8617865,0
5.166032625,0.004968561,37.4547141,0
5.676014238,0.005282187,40.70925359,0
4.468491004,0.0053498,36.98783621,0
4.576676876,0.004975343,34.34269924,0
4.803099066,0.004883234,38.09332648,0
5.270921045,0.00664116,43.38842077,0
5.340845345,0.005393797,34.21698226,0
4.407819914,0.004500616,45.10808947,0
4.962627916,0.006246892,39.81398797,0
4.863438824,0.006054432,38.42151294,0
4.017853739,0.004756616,39.10048541,0
5.130975175,0.003744892,38.94641139,0
6.342337119,0.005295624,35.45007235,0
4.553837305,0.005402088,36.12542319,0
5.1454264,0.004392125,38.38263189,0
5.190190724,0.004809159,40.20248104,0
5.222543236,0.006217959,38.46041091,0
5.058086542,0.004155102,41.20468183,0
5.234157792,0.003897708,42.04407853,0
4.819676044,0.005538919,40.88855441,0
5.187608479,0.004362692,41.37516011,0
2.705535126,0.002323213,49.86885602,1
4.986334033,0.004930422,42.66996269,0
4.696567411,0.005457687,31.75748547,0
4.750134912,0.006171662,38.90399214,0
5.07062857,0.002869434,42.30462165,0
2.78095831,0.00147281,53.39734182,1
4.223433973,0.004698503,40.74753602,0
4.553253383,0.004583806,36.60979198,0
5.714558509,0.00438505,40.97504241,0
4.776878663,0.005685508,45.5458265,0
4.680004092,0.004833779,44.60156482,0
5.068922252,0.004805303,39.80743547,0
5.252702137,0.005195845,42.08506209,0
4.26888763,0.005869155,38.63338142,0
5.165670823,0.005533401,37.1119389,0
4.509506401,0.005876047,44.41801203,0
4.455840256,0.00372063,39.67422109,0
4.600325773,0.005996571,38.60051386,0
4.765783076,0.003845305,36.71379729,0
5.149195923,0.005085209,31.02659209,0
6.037818771,0.004627728,42.47424702,0
5.408003424,0.004051083,45.24208959,0
4.864920004,0.005593927,36.68676617,0
5.461985229,0.004471022,36.83032707,0
5.114657064,0.006712668,39.81200643,0
4.074684179,0.003631685,45.961828,0
5.061421719,0.003991336,39.16805183,0
5.3575812,0.005543479,40.5994313,0
5.954709326,0.005809889,39.34979046,0
5.429656896,0.004877291,40.28011712,0
4.485951796,0.004902882,40.44673023,0
4.660279539,0.005072037,39.36337309,0
4.12783464,0.005582244,39.80207614,0
5.225327778,0.004586394,45.66306297,0
4.291783186,0.005653193,34.4033647,0
5.51432719,0.004906364,43.97738994,0
3.376742033,0.001517128,50.17490065,1
4.681664952,0.004444431,36.09596942,0
4.794286696,0.006153901,34.3907749,0
2.592345325,0.002520575,52.48371172,1
2.953788181,0.00282059,56.29835438,1
3.217543475,0.002078504,50.49431934,1
5.201650195,0.005427617,35.31594299,0
5.68991935,0.004711451,37.64873944,0
5.578673156,0.006286597,39.50341555,0
2.531533401,0.002981046,52.79472094,1
4.242764845,0.005321593,45.26479921,0
5.009200815,0.005353548,39.23220831,0
5.112632059,0.005692723,36.19200851,0
5.851257329,0.006989855,41.05282751,0
5.387577747,0.00555304,40.70207336,0
4.875735691,0.004767871,43.49384497,0
4.907077124,0.005309999,39.83023453,0
5.609485395,0.005672943,34.70621227,0
4.952770643,0.00541961,37.40835112,0
5.639732466,0.00634667,38.57696367,0
5.824740447,0.006070611,37.81119259,0
5.180708659,0.005443502,36.54439485,0
5.225301706,0.003130184,36.51464847,0
4.858430552,0.006496102,38.57203419,0
4.902865434,0.004244208,43.14612138,0
5.827703557,0.004626338,38.47818577,0
2.555422811,0.003717048,47.14565132,1
5.659151162,0.004910766,39.88728807,0
5.172192109,0.004925631,34.79852094,0
5.170476345,0.005473472,39.19707673,0
4.684890723,0.005069929,43.6307305,0
4.865491727,0.004292374,37.86347841,0
1.768466419,0.001505763,50.37609035,1
4.612482905,0.005673132,32.88924256,0
5.664320414,0.005313184,38.18048984,0
5.227952098,0.004193637,35.9632498,0
4.805038147,0.005158053,39.71012899,0
4.792016536,0.00552519,36.58657852,0
4.498891491,0.004247565,35.59964443,0
4.749298927,0.005516517,42.91898964,0
4.448165086,0.004669211,37.65940261,0
5.665287452,0.0046233,39.38105559,0
5.446476935,0.00682962,38.77094022,0
5.35616108,0.003685854,45.29996647,0
5.356356014,0.00311685,38.88304284,0
5.218656594,0.005928045,41.62848505,0
4.52384181,0.004323005,37.68202166,0
5.415095906,0.004546894,42.68417054,0
5.833612056,0.006523239,42.20686599,0
5.890899454,0.005917968,37.70241973,0
4.47492963,0.005757495,44.11160843,0
2.746374561,0.003390249,50.76159428,1
3.007602063,0.003477781,50.36345794,1
4.988711029,0.00644329,33.38074345,0
5.503721987,0.003745077,40.55413142,0
3.06758976,0.001544999,54.17418086,1
4.466182575,0.004720432,37.00697628,0
5.518323415,0.005603248,40.8944754,0
3.683185175,0.003724916,51.27138515,1
2.533127882,0.003565547,56.85505556,1
4.014999772,0.005708719,37.71943165,0
5.143566677,0.005881408,42.16340609,0
4.35124518,0.004242144,40.07457251,0
4.849772566,0.005079598,41.66217331,0
5.04956917,0.004158288,44.25472106,0
4.205590762,0.00466988,39.36499905,0
4.984243838,0.005274742,43.20687861,0
5.045594137,0.006276965,41.01407044,0
4.591142262,0.003367397,43.61786805,0
5.570926622,0.005338553,37.18622327,0
5.866024646,0.005702882,43.10717393,0
5.409864166,0.006761188,39.99905898,0
4.770225529,0.003261888,43.13575304,0
5.17488476,0.004946095,37.05308926,0
4.573348347,0.005085284,43.54147263,0
3.892006078,0.002725257,48.94862251,1
5.456885811,0.00345427,44.76951693,0
5.28703561,0.004480843,46.49202212,0
3.277732487,0.004682598,54.7835099,1
4.878659362,0.003973631,43.69000172,0
5.712947375,0.004420955,33.2312502,0
4.410779827,0.004480604,38.97727637,0
4.955977765,0.005338252,39.45584379,0
4.752822831,0.005458168,37.06083633,0
3.967521306,0.004314002,37.21664767,0
4.880311574,0.003206108,35.93365749,0
5.996416313,0.004220704,40.51758035,0
5.255431495,0.004922557,36.41411871,0
4.101630994,0.006490379,37.49987932,0
4.81920571,0.005505966,37.81518339,0
5.040395815,0.004318945,42.98761593,0
5.127498375,0.0061059,38.30815754,0
5.061958713,0.004208291,39.387114,0
5.401959665,0.004926027,39.77300319,0
2.406579971,0.001912364,56.8939623,1
5.158573492,0.00429327,42.69594538,0
5.217987695,0.002467754,42.04620847,0
5.063088952,0.006379163,39.74985957,0
4.662532991,0.004596924,45.97465991,0
4.583969348,0.005131645,38.23129785,0
4.353687326,0.004467831,38.1779367,0
4.961389477,0.005325841,43.62504345,0
5.126284423,0.006384532,41.33259498,0
5.550661479,0.003478403,45.24021681,0
6.13621736,0.005889037,41.72123326,0
4.361847792,0.0064004,41.66267411,0
5.347701237,0.003858991,39.66547352,0
4.59751676,0.004482817,38.35550093,0
4.936172659,0.004439392,31.21165393,0
6.026486012,0.004802231,40.56733365,0
5.847861439,0.006897289,40.47008118,0
2.592808987,0.003419342,49.75531603,1
4.181197541,0.0051196,40.95748087,0
3.559229216,0.002636947,45.10125434,1
4.848909707,0.002396863,38.91606831,0
4.967907919,0.00511039,41.52226278,0
4.537717943,0.003402401,39.01894805,0
4.89327161,0.005620748,43.12056569,0
5.407750511,0.004951911,39.45054859,0
4.821663433,0.005502715,38.95511964,0
4.749107904,0.003627534,40.96892351,0
4.969498014,0.004402577,43.23370522,0
5.856020142,0.003252363,41.30431019,0
5.237715341,0.005159718,38.90127491,0
5.639759335,0.002783181,41.50823442,0
3.75336459,0.005398449,37.51480764,0
4.709108983,0.00382612,39.40618681,0
6.033953169,0.0061427,34.80236793,0
4.948284388,0.003760947,46.28753051,0
5.797221196,0.006204674,38.12770386,0
5.439708521,0.003922624,44.12948935,0
5.15656607,0.004737855,47.32451303,0
4.734272724,0.003432141,41.04012993,0
6.255778276,0.004998263,39.31633606,0
2.881748599,0.002022015,48.73427108,1
4.350391818,0.005958386,40.15498293,0
5.468104505,0.00518481,43.75926675,0
5.195835308,0.005320786,40.58215583,0
4.713902965,0.004209987,38.1119437,0
4.625392191,0.007124771,43.99401719,0
4.63745164,0.005200015,35.53256075,0
2.572993904,0.002901831,51.79786877,1
6.151819376,0.003520556,43.77769972,0
3.726599156,0.001854726,46.47015696,1
4.763067565,0.0046342,40.00055999,0
5.575303775,0.00578213,37.62730185,0
4.59662681,0.003307318,41.67910142,0
5.093769392,0.005692856,42.20391264,0
4.952345139,0.00541693,41.14589937,0
4.589265235,0.003627141,41.0544397,0
4.656386735,0.003220571,43.87078339,0
5.382052648,0.003457198,38.10173491,0
5.0547038,0.005075759,44.02429593,0
4.653622571,0.004660878,41.11018335,0
4.245906073,0.003843022,39.93092544,0
4.635660967,0.004188999,36.65786065,0
4.811328962,0.005717284,38.30505427,0
5.211606187,0.005149363,41.09242089,0
6.110341898,0.005008828,36.86093538,0
5.014551354,0.005373349,40.93713463,0
4.935550408,0.005340654,43.60914356,0
5.387711867,0.004857853,41.01606195,0
5.200959478,0.004278037,42.5365783,0
2.999412334,0.00198436,53.70960249,1
4.440226936,0.00460647,40.53608415,0
5.614607392,0.005091101,45.41960401,0
5.637695369,0.004848286,41.60007773,0
5.419734252,0.005473051,42.81198188,0
5.4360985,0.004684913,38.28476187,0
5.166303755,0.005072725,40.56188665,0
4.54183954,0.004163079,39.57887482,0
2.837420329,2.59E-05,47.78247781,1
4.315865531,0.003746704,31.83316678,0
5.471272614,0.008243093,46.92374875,0
5.107413253,0.004438218,35.3397166,0
5.872935668,0.004377965,41.74821275,0
4.502298198,0.006827262,35.03389336,0
4.857248152,0.002981512,40.43519124,0
3.19226172,0.00218367,46.51133428,1
5.309904554,0.005478819,42.03872706,0
5.160839271,0.00516806,37.01455455,0
4.909248419,0.003766502,35.53108774,0
4.707036163,0.005329107,43.7585279,0
4.775887692,0.006904434,38.18382123,0
5.138679231,0.004977721,40.96624693,0
4.994453998,0.005248274,35.1232019,0
4.512316986,0.006303508,41.99410824,0
4.723539581,0.00393621,37.63045768,0
4.114465723,0.005471542,34.50656536,0
4.385778084,0.004984082,42.74803096,0
4.92483977,0.004673304,36.87226692,0
4.413883123,0.004615204,40.86589645,0
5.090531371,0.006303278,41.7584974,0
4.793793091,0.006569866,40.20591115,0
4.917832397,0.005212093,37.0199239,0
4.492060587,0.005932744,33.30016354,0
4.553606242,0.005513614,40.10414125,0
4.015747893,0.005790379,43.90158058,0
2.660768732,0.001186371,50.74283086,1
4.103446774,0.004617183,39.62881316,0
5.278652147,0.004865855,41.21040675,0
4.725320073,0.004955107,40.54750309,0
5.598593242,0.003523933,38.85877823,0
2.83232735,0.003554485,52.7991775,1
4.51493787,0.004602442,43.71296127,0
5.189883818,0.004721881,38.98843559,0
5.489444779,0.003628257,44.82634257,0
5.414114845,0.004512611,41.60094399,0
2.202598464,0.002861452,49.44559772,1
4.446421592,0.003604211,41.77404773,0
4.731913917,0.004735962,36.8161194,0
4.977267512,0.005319525,44.96085181,0
5.772628585,0.007414217,38.58926922,0
4.785468062,0.003902632,35.56922522,0
5.190622133,0.004864073,41.85432731,0
5.754728847,0.003467299,39.41115805,0
4.928442132,0.005787031,40.89218456,0
4.949139987,0.002803872,39.51362807,0
5.756668139,0.005398028,38.37662388,0
5.533435044,0.004606947,43.00489548,0
5.079823885,0.005571408,42.35434475,0
5.310760924,0.004443881,39.60981912,0
4.722831016,0.006939988,37.77404972,0
5.645817613,0.005585904,37.78968959,0
4.672799052,0.004069336,39.65046886,0
5.832400915,0.004912565,41.64495888,0
5.029883919,0.005949523,36.9585822,0
3.865068509,0.000782773,46.41437612,1
5.480152398,0.005462484,36.46189264,0
5.086127193,0.006518718,41.97517754,0
2.18394702,0.00314955,52.02694308,1
4.333611301,0.005379153,43.69066653,0
2.91709408,0.001217649,49.37844088,1
4.815306634,0.003791821,39.24525751,0
4.108947064,0.002451018,51.83740423,1
4.694307376,0.004268368,45.67132206,0
2.577492741,0.002927239,42.95937927,1
5.096660162,0.00748497,43.75784716,0
4.801402342,0.00389773,41.04268484,0
5.04334885,0.005076983,40.37221818,0
5.284051603,0.003950345,44.08768856,0
5.820307282,0.002942033,41.06865013,0
5.276574578,0.0044518,45.77033738,0
4.612692515,0.005443524,34.89361388,0
3.967458477,0.005028458,33.76656454,0
4.839851098,0.005029251,39.18916972,0
4.568253198,0.004968797,40.05405062,0
5.236315173,0.00490003,35.21308972,0
4.755863079,0.005633327,40.06789256,0
4.297218473,0.005118212,37.97742832,0
4.960466329,0.004420876,38.55749863,0
5.348083999,0.004938898,38.34382599,0
4.074078634,0.00578359,37.96407082,0
4.840881236,0.005217417,39.02012953,0
5.799269056,0.005802128,42.58667054,0
4.291886472,0.006620976,39.66075899,0
5.258473258,0.004778487,39.93309915,0
4.655557229,0.005926867,46.61268691,0
3.942175201,0.000657529,50.87196351,1
6.407327222,0.004261943,40.54375349,0
5.062078295,0.005709784,40.66242552,0
4.494888799,0.005961987,39.28896409,0
